Client_ID,Age,Annual_Income_USD,Credit_Score,Debt_To_Income_Ratio,Credit_Utilization_Rate,Target_Label
10001,59,29324,735,0.52,0.21,1
10002,49,101323,839,0.19,0.77,1
10003,35,34111,727,0.44,0.55,1
10004,63,63110,508,0.17,0.41,0
10005,28,41389,665,0.51,0.17,1
10006,41,66427,818,0.46,0.83,1
10007,59,104579,713,0.63,0.19,1
10008,39,53746,616,0.14,0.33,0
10009,43,112886,843,0.13,0.31,1
10010,31,132141,571,0.26,0.83,0
10011,31,25117,563,0.24,0.66,0
10012,44,137221,704,0.24,0.77,1
10013,56,109471,708,0.6,0.28,1
10014,60,137613,571,0.24,0.61,0
10015,44,38234,776,0.25,0.56,1
10016,23,128864,773,0.52,0.8,1
10017,42,78441,819,0.35,0.87,1
10018,22,25846,837,0.53,0.06,1
10019,44,35954,594,0.14,0.66,0
10020,64,104239,665,0.37,0.1,1
10021,50,138689,531,0.12,0.54,0
10022,58,71514,510,0.13,0.31,0
10023,22,113236,800,0.6,0.33,1
10024,41,122579,716,0.18,0.37,1
10025,53,31469,788,0.39,0.61,1
10026,32,55105,601,0.33,0.35,0
10027,42,67101,766,0.29,0.71,1
10028,64,89323,713,0.59,0.41,1
10029,45,116922,678,0.11,0.11,1
10030,69,83067,587,0.47,0.76,0
10031,47,74376,540,0.63,0.31,0
10032,62,70587,575,0.41,0.44,0
10033,48,61976,545,0.62,0.67,0
10034,36,129587,659,0.13,0.35,1
10035,35,92584,579,0.33,0.1,0
10036,67,129537,809,0.24,0.39,1
10037,64,103477,585,0.5,0.9,0
10038,23,135911,591,0.64,0.63,0
10039,57,67533,647,0.24,0.65,0
10040,27,26828,660,0.46,0.62,1
10041,41,26917,701,0.21,0.23,1
10042,29,45618,741,0.41,0.43,1
10043,59,57254,501,0.36,0.73,0
10044,38,130292,724,0.63,0.14,1
10045,24,72362,788,0.43,0.3,1
10046,45,45128,732,0.29,0.3,1
10047,34,136281,576,0.16,0.44,0
10048,29,84383,615,0.18,0.93,0
10049,46,90545,653,0.22,0.11,1
10050,22,107180,602,0.24,0.52,0
10051,40,112958,693,0.57,0.21,1
10052,48,34865,665,0.41,0.92,1
10053,67,27219,589,0.39,0.15,0
10054,27,64809,673,0.16,0.41,1
10055,64,30287,621,0.57,0.71,0
10056,28,59387,642,0.5,0.68,0
10057,67,33512,605,0.14,0.43,0
10058,55,26342,804,0.49,0.36,1
10059,34,88076,816,0.4,0.41,1
10060,37,133872,622,0.14,0.29,0
10061,56,44216,508,0.35,0.23,0
10062,60,118070,761,0.37,0.48,1
10063,24,104767,572,0.19,0.29,0
10064,22,122829,722,0.62,0.31,1
10065,26,51614,540,0.57,0.64,0
10066,62,61258,703,0.47,0.92,1
10067,24,118789,763,0.35,0.59,1
10068,49,67078,827,0.33,0.12,1
10069,38,131288,677,0.46,0.12,1
10070,46,108524,847,0.4,0.91,1
10071,64,121573,817,0.13,0.32,1
10072,54,37219,583,0.38,0.13,0
10073,30,25235,817,0.54,0.59,1
10074,56,67929,610,0.35,0.61,0
10075,34,92444,750,0.13,0.63,1
10076,51,33567,506,0.53,0.29,0
10077,68,126834,583,0.21,0.06,0
10078,35,95792,707,0.24,0.92,1
10079,28,90441,813,0.19,0.28,1
10080,34,109555,521,0.28,0.66,0
10081,43,98698,502,0.52,0.69,0
10082,60,30415,626,0.39,0.6,0
10083,41,61159,796,0.21,0.33,1
10084,36,68925,687,0.58,0.29,1
10085,65,30951,513,0.58,0.59,0
10086,38,112388,511,0.58,0.83,0
10087,67,33007,586,0.23,0.9,0
10088,44,66832,511,0.35,0.15,0
10089,46,83596,524,0.64,0.19,0
10090,45,55523,800,0.52,0.9,1
10091,65,113861,742,0.11,0.71,1
10092,61,111740,621,0.14,0.84,0
10093,49,40524,646,0.36,0.23,0
10094,35,44282,554,0.6,0.58,0
10095,65,48930,737,0.4,0.68,1
10096,21,25077,672,0.37,0.66,1
10097,45,130881,720,0.16,0.42,1
10098,27,45611,618,0.46,0.06,0
10099,29,41984,808,0.55,0.57,1
10100,44,39060,682,0.31,0.28,1
10101,21,107985,787,0.53,0.46,1
10102,64,109056,806,0.63,0.91,1
10103,28,68303,799,0.21,0.41,1
10104,44,84207,581,0.39,0.81,0
10105,31,100046,710,0.26,0.22,1
10106,37,54287,649,0.54,0.66,0
10107,28,118709,536,0.42,0.93,0
10108,55,64711,811,0.45,0.14,1
10109,55,36954,558,0.54,0.06,0
10110,53,98340,630,0.32,0.44,0
10111,25,97101,701,0.6,0.13,1
10112,62,96520,742,0.39,0.72,1
10113,59,112062,534,0.19,0.87,0
10114,61,127974,592,0.48,0.44,0
10115,48,43574,706,0.54,0.28,1
10116,27,34184,831,0.27,0.44,1
10117,29,44096,804,0.57,0.7,1
10118,28,92728,849,0.6,0.06,1
10119,32,59016,712,0.25,0.58,1
10120,54,36246,658,0.64,0.6,1
10121,53,70558,523,0.18,0.62,0
10122,68,43381,792,0.21,0.27,1
10123,43,61455,503,0.2,0.69,0
10124,44,117263,719,0.59,0.13,1
10125,57,29018,519,0.46,0.23,0
10126,55,36302,651,0.18,0.84,1
10127,64,92506,549,0.34,0.71,0
10128,60,66157,676,0.44,0.06,1
10129,42,79917,595,0.15,0.27,0
10130,47,117738,604,0.59,0.24,0
10131,55,121646,749,0.54,0.29,1
10132,21,108122,616,0.38,0.27,0
10133,55,49519,727,0.63,0.11,1
10134,57,121809,565,0.33,0.46,0
10135,67,112487,834,0.64,0.71,1
10136,34,81819,761,0.47,0.6,1
10137,23,105910,794,0.45,0.66,1
10138,21,96324,742,0.19,0.12,1
10139,25,30408,685,0.59,0.91,1
10140,46,84379,745,0.34,0.8,1
10141,34,50053,624,0.19,0.77,0
10142,59,34446,767,0.11,0.79,1
10143,47,25922,630,0.41,0.89,0
10144,29,123723,736,0.39,0.54,1
10145,35,76356,517,0.5,0.23,0
10146,35,35789,539,0.59,0.61,0
10147,46,122720,520,0.14,0.72,0
10148,62,91656,724,0.5,0.71,1
10149,33,69028,781,0.2,0.52,1
10150,52,89484,507,0.57,0.11,0
10151,59,57154,599,0.55,0.38,0
10152,69,107870,739,0.4,0.88,1
10153,52,27336,586,0.49,0.58,0
10154,24,128677,797,0.27,0.53,1
10155,50,92779,513,0.36,0.29,0
10156,57,44029,833,0.55,0.38,1
10157,43,84201,501,0.35,0.86,0
10158,59,57265,792,0.3,0.65,1
10159,65,127916,824,0.37,0.76,1
10160,35,137250,540,0.56,0.46,0
10161,63,68872,817,0.28,0.62,1
10162,49,71197,815,0.2,0.27,1
10163,56,80180,610,0.49,0.68,0
10164,33,48710,513,0.55,0.43,0
10165,52,54486,730,0.16,0.45,1
10166,27,96907,583,0.23,0.63,0
10167,42,96895,629,0.18,0.89,0
10168,48,89435,730,0.29,0.11,1
10169,22,65631,825,0.35,0.79,1
10170,62,126532,644,0.51,0.31,0
10171,65,45103,844,0.46,0.45,1
10172,26,89772,527,0.44,0.07,0
10173,48,39382,565,0.29,0.32,0
10174,48,109291,662,0.56,0.5,1
10175,64,126195,728,0.36,0.1,1
10176,64,28756,760,0.64,0.49,1
10177,40,45609,663,0.45,0.88,1
10178,50,139074,800,0.17,0.14,1
10179,31,41478,802,0.47,0.74,1
10180,48,125978,786,0.28,0.42,1
10181,45,64666,509,0.48,0.64,0
10182,59,100683,694,0.14,0.28,1
10183,53,124097,617,0.2,0.19,0
10184,21,125420,769,0.57,0.19,1
10185,47,96315,579,0.22,0.11,0
10186,33,102834,592,0.56,0.22,0
10187,61,39153,765,0.25,0.65,1
10188,23,134415,831,0.45,0.84,1
10189,59,101325,849,0.48,0.78,1
10190,26,134701,756,0.38,0.67,1
10191,28,37999,632,0.27,0.15,0
10192,47,80318,775,0.22,0.31,1
10193,29,25814,763,0.12,0.33,1
10194,57,101077,670,0.27,0.27,1
10195,53,115474,500,0.46,0.51,0
10196,62,27443,812,0.62,0.53,1
10197,64,100993,563,0.58,0.37,0
10198,44,100916,783,0.52,0.37,1
10199,35,98319,620,0.53,0.8,0
10200,52,134777,606,0.47,0.76,0
10201,52,42368,674,0.24,0.33,1
10202,44,40328,703,0.6,0.87,1
10203,61,81942,664,0.47,0.91,1
10204,69,116751,804,0.41,0.34,1
10205,69,124131,619,0.16,0.37,0
10206,32,52306,543,0.35,0.51,0
10207,59,110451,811,0.35,0.9,1
10208,22,64915,655,0.58,0.84,1
10209,23,62219,706,0.4,0.14,1
10210,69,105879,607,0.31,0.4,0
10211,57,136939,750,0.64,0.55,1
10212,69,89644,833,0.16,0.5,1
10213,37,85279,629,0.33,0.22,0
10214,69,78028,792,0.12,0.82,1
10215,22,129263,519,0.51,0.66,0
10216,22,25126,781,0.6,0.8,1
10217,48,77329,784,0.25,0.82,1
10218,43,52632,500,0.57,0.72,0
10219,57,132099,618,0.26,0.45,0
10220,52,90310,534,0.6,0.6,0
10221,53,134945,697,0.51,0.19,1
10222,21,80176,744,0.54,0.66,1
10223,39,111066,558,0.11,0.21,0
10224,22,130500,824,0.63,0.67,1
10225,64,69327,660,0.5,0.26,1
10226,46,93904,678,0.27,0.16,1
10227,52,28797,705,0.56,0.2,1
10228,26,72882,511,0.25,0.05,0
10229,52,38718,775,0.58,0.7,1
10230,24,59560,680,0.16,0.71,1
10231,31,101589,741,0.49,0.51,1
10232,37,47116,715,0.4,0.2,1
10233,58,61244,750,0.15,0.13,1
10234,44,126721,798,0.23,0.07,1
10235,25,26645,625,0.11,0.2,0
10236,54,72523,716,0.36,0.85,1
10237,26,44256,805,0.27,0.27,1
10238,42,126376,784,0.43,0.37,1
10239,31,125158,684,0.26,0.14,1
10240,68,78173,538,0.26,0.25,0
10241,36,62430,722,0.51,0.52,1
10242,53,64282,683,0.13,0.6,1
10243,29,88374,677,0.6,0.27,1
10244,26,93244,793,0.57,0.1,1
10245,36,36694,839,0.47,0.4,1
10246,49,81264,650,0.43,0.26,1
10247,23,100060,625,0.59,0.25,0
10248,40,122416,800,0.2,0.91,1
10249,56,82545,807,0.14,0.6,1
10250,39,64224,835,0.23,0.55,1
10251,46,127516,733,0.54,0.42,1
10252,23,122945,507,0.12,0.44,0
10253,39,38224,840,0.42,0.54,1
10254,40,65738,628,0.65,0.68,0
10255,52,50150,763,0.57,0.68,1
10256,27,88731,656,0.39,0.2,1
10257,61,74688,504,0.14,0.5,0
10258,53,124929,585,0.56,0.42,0
10259,60,133618,674,0.43,0.83,1
10260,59,98509,789,0.16,0.62,1
10261,38,33577,692,0.15,0.53,1
10262,60,33070,810,0.6,0.15,1
10263,21,33666,618,0.47,0.6,0
10264,31,82761,717,0.56,0.16,1
10265,48,61368,613,0.58,0.35,0
10266,45,31783,644,0.41,0.18,0
10267,43,136530,525,0.38,0.67,0
10268,51,66914,635,0.34,0.24,0
10269,50,95507,802,0.27,0.4,1
10270,62,104026,731,0.34,0.86,1
10271,55,136255,575,0.53,0.23,0
10272,27,135616,827,0.43,0.51,1
10273,36,92526,844,0.59,0.43,1
10274,46,95835,801,0.34,0.07,1
10275,68,70765,788,0.43,0.76,1
10276,69,44956,500,0.45,0.11,0
10277,22,112895,646,0.43,0.48,0
10278,21,71240,786,0.49,0.55,1
10279,68,62148,641,0.23,0.62,0
10280,32,119270,552,0.38,0.67,0
10281,25,29757,803,0.16,0.28,1
10282,57,44097,568,0.31,0.06,0
10283,52,35395,589,0.37,0.7,0
10284,29,41241,719,0.46,0.53,1
10285,61,128892,691,0.62,0.8,1
10286,55,52696,562,0.43,0.79,0
10287,39,95480,572,0.51,0.81,0
10288,68,71163,660,0.38,0.49,1
10289,36,44816,668,0.45,0.35,1
10290,23,74840,588,0.14,0.76,0
10291,40,127547,675,0.24,0.46,1
10292,44,77853,768,0.3,0.22,1
10293,53,49917,572,0.36,0.82,0
10294,44,121731,744,0.13,0.84,1
10295,31,46566,576,0.18,0.47,0
10296,69,100452,658,0.25,0.12,1
10297,28,87823,823,0.63,0.4,1
10298,56,45806,597,0.28,0.77,0
10299,58,100520,601,0.37,0.86,0
10300,60,26759,631,0.21,0.23,0
10301,40,66949,601,0.44,0.11,0
10302,55,117374,518,0.25,0.84,0
10303,68,27482,581,0.21,0.4,0
10304,45,49442,778,0.38,0.54,1
10305,55,58719,838,0.1,0.92,1
10306,45,83066,830,0.1,0.11,1
10307,49,118501,628,0.22,0.63,0
10308,38,27079,843,0.12,0.12,1
10309,66,27717,809,0.16,0.39,1
10310,38,84676,588,0.29,0.77,0
10311,22,52952,712,0.54,0.44,1
10312,55,111444,642,0.41,0.95,0
10313,36,67460,564,0.38,0.55,0
10314,61,115397,575,0.26,0.34,0
10315,56,97847,698,0.61,0.25,1
10316,53,118607,642,0.32,0.37,0
10317,24,114106,815,0.15,0.39,1
10318,53,43449,592,0.44,0.11,0
10319,34,58536,804,0.16,0.38,1
10320,41,89077,723,0.29,0.47,1
10321,68,63258,790,0.38,0.7,1
10322,40,73302,601,0.58,0.64,0
10323,28,53865,766,0.37,0.69,1
10324,27,31645,609,0.49,0.06,0
10325,23,63000,829,0.65,0.25,1
10326,37,51737,764,0.17,0.65,1
10327,53,36485,502,0.25,0.49,0
10328,68,63565,584,0.32,0.05,0
10329,32,50522,781,0.33,0.77,1
10330,42,90155,827,0.33,0.75,1
10331,42,80168,803,0.6,0.54,1
10332,66,77487,616,0.49,0.11,0
10333,50,37342,720,0.43,0.74,1
10334,58,65806,653,0.27,0.58,1
10335,58,73770,652,0.55,0.75,1
10336,65,103623,511,0.63,0.73,0
10337,28,128177,632,0.55,0.77,0
10338,47,124785,803,0.1,0.52,1
10339,47,100629,792,0.45,0.18,1
10340,54,77603,799,0.13,0.65,1
10341,41,137726,727,0.24,0.61,1
10342,50,106974,770,0.13,0.72,1
10343,53,130947,542,0.43,0.2,0
10344,48,51399,842,0.48,0.23,1
10345,67,110382,825,0.16,0.85,1
10346,53,106244,801,0.31,0.72,1
10347,25,134575,520,0.35,0.87,0
10348,68,135904,606,0.3,0.73,0
10349,39,101534,835,0.17,0.59,1
10350,24,80106,802,0.33,0.64,1
10351,55,137599,616,0.51,0.85,0
10352,69,55678,623,0.14,0.57,0
10353,37,101218,780,0.14,0.62,1
10354,64,88230,791,0.3,0.19,1
10355,48,139684,702,0.62,0.48,1
10356,50,99055,550,0.47,0.69,0
10357,49,81373,770,0.47,0.29,1
10358,66,56480,823,0.3,0.23,1
10359,26,110230,776,0.43,0.33,1
10360,55,93836,640,0.11,0.27,0
10361,61,97258,774,0.45,0.24,1
10362,57,64986,789,0.6,0.43,1
10363,44,49160,833,0.44,0.87,1
10364,49,110595,551,0.58,0.51,0
10365,69,126358,526,0.5,0.22,0
10366,66,104111,656,0.17,0.12,1
10367,51,89929,738,0.6,0.68,1
10368,55,98506,655,0.14,0.39,1
10369,53,59911,790,0.39,0.79,1
10370,41,112127,635,0.18,0.64,0
10371,52,56821,643,0.11,0.77,0
10372,43,100039,605,0.33,0.29,0
10373,53,85535,657,0.26,0.67,1
10374,23,138453,645,0.37,0.29,0
10375,38,109458,501,0.42,0.9,0
10376,45,37175,576,0.12,0.62,0
10377,62,79771,631,0.17,0.34,0
10378,51,131660,589,0.41,0.29,0
10379,23,111925,844,0.29,0.22,1
10380,60,138374,849,0.5,0.68,1
10381,66,91358,762,0.46,0.25,1
10382,44,42327,607,0.57,0.59,0
10383,52,72057,573,0.48,0.29,0
10384,67,31150,538,0.34,0.65,0
10385,42,29425,658,0.47,0.78,1
10386,43,41032,570,0.25,0.75,0
10387,22,27198,811,0.27,0.73,1
10388,47,85500,740,0.53,0.22,1
10389,62,78394,797,0.35,0.13,1
10390,22,45079,535,0.54,0.68,0
10391,46,61220,583,0.55,0.38,0
10392,37,66874,762,0.57,0.44,1
10393,60,38859,809,0.6,0.08,1
10394,53,75460,671,0.34,0.28,1
10395,29,56419,672,0.28,0.08,1
10396,63,33705,546,0.42,0.84,0
10397,68,67880,640,0.3,0.27,0
10398,59,48236,617,0.43,0.55,0
10399,49,112955,776,0.49,0.09,1
10400,62,110514,713,0.48,0.65,1
10401,46,128145,719,0.31,0.34,1
10402,55,40358,525,0.19,0.86,0
10403,45,124713,508,0.34,0.85,0
10404,44,119914,770,0.18,0.34,1
10405,33,127870,509,0.59,0.86,0
10406,27,101918,620,0.29,0.95,0
10407,56,39596,624,0.18,0.79,0
10408,65,58572,669,0.11,0.81,1
10409,40,103757,571,0.46,0.27,0
10410,21,26279,651,0.45,0.57,1
10411,28,88197,707,0.29,0.11,1
10412,66,136496,548,0.14,0.14,0
10413,36,87516,653,0.33,0.95,1
10414,34,32083,846,0.27,0.34,1
10415,32,134397,792,0.47,0.72,1
10416,43,42771,567,0.43,0.78,0
10417,35,54975,549,0.3,0.82,0
10418,48,70648,651,0.22,0.95,1
10419,54,73285,518,0.64,0.27,0
10420,22,44063,599,0.35,0.09,0
10421,52,92642,559,0.48,0.42,0
10422,43,115093,666,0.18,0.17,1
10423,42,139390,701,0.37,0.07,1
10424,45,111143,844,0.12,0.37,1
10425,42,62599,645,0.38,0.76,0
10426,42,76920,663,0.63,0.56,1
10427,69,53529,741,0.31,0.33,1
10428,62,60954,568,0.12,0.64,0
10429,26,52856,674,0.12,0.26,1
10430,35,27573,548,0.31,0.06,0
10431,63,103344,607,0.19,0.74,0
10432,57,60367,725,0.11,0.61,1
10433,53,127337,660,0.52,0.74,1
10434,28,131732,618,0.35,0.09,0
10435,64,124608,648,0.26,0.8,0
10436,64,85774,649,0.6,0.61,0
10437,25,48752,792,0.16,0.56,1
10438,59,80029,642,0.63,0.61,0
10439,24,42685,659,0.27,0.83,1
10440,26,76693,510,0.59,0.58,0
10441,65,80961,637,0.43,0.57,0
10442,52,131937,577,0.55,0.94,0
10443,50,101908,576,0.64,0.73,0
10444,67,99532,753,0.26,0.45,1
10445,55,106994,757,0.63,0.69,1
10446,60,81133,819,0.31,0.4,1
10447,36,122425,790,0.31,0.26,1
10448,33,86268,762,0.29,0.59,1
10449,62,117201,584,0.4,0.89,0
10450,50,63243,645,0.18,0.89,0
10451,39,82384,822,0.4,0.36,1
10452,37,56653,541,0.4,0.52,0
10453,39,51657,624,0.52,0.24,0
10454,48,64952,666,0.56,0.95,1
10455,46,47180,740,0.34,0.93,1
10456,57,122432,779,0.27,0.63,1
10457,46,103411,687,0.24,0.77,1
10458,43,26622,801,0.21,0.69,1
10459,29,73756,518,0.13,0.58,0
10460,32,65809,567,0.29,0.1,0
10461,21,41725,717,0.25,0.46,1
10462,21,86396,601,0.63,0.66,0
10463,67,76226,541,0.41,0.66,0
10464,54,131296,787,0.29,0.39,1
10465,52,106182,666,0.42,0.9,1
10466,68,107565,608,0.18,0.2,0
10467,45,54402,535,0.34,0.5,0
10468,60,29263,731,0.44,0.67,1
10469,65,121523,728,0.37,0.68,1
10470,21,71828,663,0.32,0.63,1
10471,36,72924,572,0.65,0.3,0
10472,59,99182,635,0.58,0.19,0
10473,25,118065,569,0.44,0.62,0
10474,42,84052,695,0.41,0.59,1
10475,49,36664,768,0.44,0.21,1
10476,23,60737,548,0.21,0.68,0
10477,32,126332,815,0.32,0.46,1
10478,46,114563,629,0.12,0.65,0
10479,36,54373,504,0.36,0.8,0
10480,57,61397,526,0.4,0.2,0
10481,42,111145,659,0.23,0.07,1
10482,49,126371,648,0.63,0.75,0
10483,34,63709,763,0.6,0.6,1
10484,48,86120,729,0.5,0.68,1
10485,25,44250,699,0.39,0.8,1
10486,67,46172,549,0.58,0.77,0
10487,69,36555,566,0.17,0.91,0
10488,50,112410,799,0.53,0.53,1
10489,66,103617,557,0.17,0.49,0
10490,25,78276,758,0.54,0.41,1
10491,32,82492,841,0.25,0.19,1
10492,36,78002,825,0.58,0.57,1
10493,46,114599,629,0.62,0.3,0
10494,46,97355,714,0.18,0.88,1
10495,68,116248,671,0.35,0.57,1
10496,41,49762,757,0.64,0.58,1
10497,59,36046,601,0.37,0.37,0
10498,56,121999,708,0.57,0.1,1
10499,53,53769,790,0.42,0.08,1
10500,50,78302,785,0.31,0.43,1
10501,57,48150,615,0.26,0.13,0
10502,43,93247,763,0.21,0.6,1
10503,30,29853,649,0.52,0.84,0
10504,25,119613,799,0.31,0.84,1
10505,56,114399,535,0.38,0.64,0
10506,54,46792,832,0.37,0.24,1
10507,51,84129,786,0.42,0.83,1
10508,30,131019,802,0.58,0.85,1
10509,39,99478,810,0.64,0.23,1
10510,52,138811,707,0.32,0.71,1
10511,21,139130,605,0.56,0.31,0
10512,25,92298,657,0.52,0.77,1
10513,65,56987,620,0.42,0.95,0
10514,24,40850,554,0.63,0.08,0
10515,36,37112,511,0.21,0.86,0
10516,44,49058,644,0.16,0.61,0
10517,36,70420,635,0.57,0.93,0
10518,22,63890,502,0.34,0.47,0
10519,69,91017,643,0.57,0.81,0
10520,48,72304,529,0.59,0.11,0
10521,52,57921,736,0.13,0.35,1
10522,47,130921,778,0.59,0.11,1
10523,40,26524,847,0.35,0.93,1
10524,44,125424,614,0.38,0.79,0
10525,32,40048,603,0.44,0.82,0
10526,55,60111,617,0.61,0.89,0
10527,53,62904,504,0.11,0.13,0
10528,53,79912,747,0.36,0.4,1
10529,63,59008,820,0.48,0.11,1
10530,57,25060,620,0.5,0.24,0
10531,32,99666,785,0.48,0.26,1
10532,23,108559,648,0.17,0.47,0
10533,21,80337,583,0.26,0.29,0
10534,53,135616,730,0.3,0.14,1
10535,60,38350,787,0.54,0.2,1
10536,30,49354,660,0.25,0.18,1
10537,63,70186,771,0.22,0.93,1
10538,64,53145,537,0.63,0.73,0
10539,49,59020,725,0.1,0.92,1
10540,33,111123,641,0.65,0.45,0
10541,32,131667,791,0.47,0.3,1
10542,51,100186,650,0.56,0.77,1
10543,66,110469,613,0.26,0.34,0
10544,22,45581,736,0.11,0.32,1
10545,55,113929,565,0.51,0.26,0
10546,43,48051,840,0.56,0.17,1
10547,37,76474,757,0.51,0.28,1
10548,46,116748,748,0.18,0.37,1
10549,28,139618,830,0.51,0.66,1
10550,49,94626,822,0.52,0.11,1
10551,46,31960,679,0.46,0.24,1
10552,30,60772,689,0.52,0.78,1
10553,46,46520,653,0.57,0.18,1
10554,54,74481,695,0.44,0.36,1
10555,61,61408,810,0.15,0.83,1
10556,27,119006,761,0.37,0.19,1
10557,24,82134,642,0.14,0.12,0
10558,65,45491,841,0.32,0.49,1
10559,31,26341,815,0.32,0.32,1
10560,49,69623,600,0.14,0.56,0
10561,56,115327,743,0.29,0.77,1
10562,45,25338,511,0.16,0.17,0
10563,41,96431,738,0.54,0.57,1
10564,56,37254,548,0.62,0.5,0
10565,30,76860,541,0.14,0.18,0
10566,57,36344,665,0.63,0.61,1
10567,29,26750,581,0.39,0.3,0
10568,44,79756,790,0.26,0.49,1
10569,55,92957,657,0.14,0.12,1
10570,69,130423,715,0.38,0.46,1
10571,55,83053,657,0.54,0.33,1
10572,68,95855,633,0.49,0.79,0
10573,56,40896,566,0.13,0.1,0
10574,38,80761,835,0.14,0.43,1
10575,69,87552,506,0.32,0.46,0
10576,59,102454,513,0.26,0.7,0
10577,52,115600,572,0.23,0.57,0
10578,44,137153,662,0.25,0.65,1
10579,43,52935,565,0.54,0.75,0
10580,52,62641,846,0.61,0.83,1
10581,57,54711,629,0.32,0.33,0
10582,32,95342,705,0.6,0.53,1
10583,69,131896,775,0.28,0.81,1
10584,33,37182,755,0.36,0.94,1
10585,43,112833,765,0.22,0.85,1
10586,45,81276,524,0.45,0.38,0
10587,55,44541,780,0.64,0.23,1
10588,61,119457,752,0.43,0.49,1
10589,50,107310,809,0.3,0.72,1
10590,37,69813,788,0.46,0.49,1
10591,69,62198,663,0.17,0.48,1
10592,40,33820,594,0.59,0.8,0
10593,68,49070,769,0.38,0.38,1
10594,45,94768,820,0.35,0.82,1
10595,42,36122,609,0.42,0.42,0
10596,33,105559,835,0.44,0.35,1
10597,39,98543,809,0.14,0.46,1
10598,69,108441,737,0.48,0.74,1
10599,56,66786,524,0.23,0.16,0
10600,32,119934,640,0.49,0.23,0
10601,61,124804,616,0.55,0.91,0
10602,39,31737,524,0.54,0.21,0
10603,32,61062,578,0.4,0.56,0
10604,29,79237,567,0.39,0.57,0
10605,27,76571,672,0.18,0.49,1
10606,48,50510,511,0.53,0.63,0
10607,34,44426,787,0.25,0.26,1
10608,51,62265,627,0.37,0.55,0
10609,39,42850,595,0.26,0.38,0
10610,67,91150,591,0.17,0.65,0
10611,36,112312,640,0.45,0.18,0
10612,25,114613,530,0.13,0.56,0
10613,55,99910,833,0.51,0.22,1
10614,32,77375,519,0.27,0.3,0
10615,45,60435,645,0.1,0.25,0
10616,41,121443,815,0.38,0.21,1
10617,56,82132,659,0.13,0.79,1
10618,43,103945,848,0.25,0.31,1
10619,36,107050,542,0.49,0.88,0
10620,59,120402,753,0.13,0.92,1
10621,65,27983,629,0.56,0.56,0
10622,62,122241,559,0.1,0.18,0
10623,59,45662,650,0.24,0.39,1
10624,34,48510,786,0.51,0.77,1
10625,51,103187,504,0.27,0.38,0
10626,25,65998,765,0.16,0.13,1
10627,55,81846,844,0.3,0.55,1
10628,43,119071,629,0.25,0.81,0
10629,49,31640,766,0.56,0.77,1
10630,63,69547,677,0.27,0.21,1
10631,31,79620,752,0.53,0.66,1
10632,38,40317,555,0.59,0.25,0
10633,67,32564,582,0.34,0.25,0
10634,32,52345,598,0.6,0.84,0
10635,29,138824,648,0.31,0.27,0
10636,30,119223,828,0.63,0.29,1
10637,64,104273,655,0.15,0.05,1
10638,37,99859,689,0.48,0.83,1
10639,58,105765,762,0.37,0.76,1
10640,27,135017,579,0.31,0.61,0
10641,66,99038,751,0.45,0.73,1
10642,33,77393,596,0.49,0.19,0
10643,60,91081,759,0.1,0.46,1
10644,62,127650,759,0.19,0.37,1
10645,29,54430,602,0.49,0.13,0
10646,47,100532,539,0.47,0.49,0
10647,22,52788,772,0.63,0.88,1
10648,25,120505,600,0.52,0.09,0
10649,49,73543,807,0.62,0.31,1
10650,57,38919,720,0.49,0.24,1
10651,58,94346,807,0.26,0.26,1
10652,39,121122,623,0.16,0.87,0
10653,28,64974,730,0.53,0.47,1
10654,68,132309,677,0.45,0.47,1
10655,65,41371,562,0.13,0.73,0
10656,21,70084,615,0.3,0.19,0
10657,42,54629,690,0.63,0.49,1
10658,37,76184,561,0.38,0.44,0
10659,27,86916,755,0.34,0.59,1
10660,45,98972,506,0.35,0.95,0
10661,65,87187,654,0.21,0.74,1
10662,24,37984,591,0.3,0.41,0
10663,56,58039,513,0.3,0.79,0
10664,26,110431,728,0.13,0.2,1
10665,51,108691,585,0.52,0.08,0
10666,39,83606,632,0.33,0.23,0
10667,64,35616,682,0.55,0.36,1
10668,59,127665,561,0.57,0.51,0
10669,47,130373,718,0.22,0.6,1
10670,30,75072,745,0.46,0.87,1
10671,46,49574,729,0.36,0.51,1
10672,39,28430,578,0.58,0.5,0
10673,59,37676,648,0.22,0.1,0
10674,23,35816,637,0.47,0.08,0
10675,65,57733,813,0.43,0.55,1
10676,33,110680,564,0.26,0.44,0
10677,48,27050,512,0.18,0.81,0
10678,40,134996,712,0.46,0.19,1
10679,48,58933,741,0.51,0.07,1
10680,28,49951,712,0.27,0.45,1
10681,61,57413,680,0.45,0.26,1
10682,59,59801,837,0.32,0.09,1
10683,21,80619,672,0.49,0.7,1
10684,23,57913,659,0.21,0.15,1
10685,33,137573,663,0.59,0.6,1
10686,48,65600,687,0.26,0.3,1
10687,69,82775,690,0.3,0.21,1
10688,45,115816,807,0.13,0.39,1
10689,53,115093,755,0.16,0.77,1
10690,58,137590,682,0.38,0.4,1
10691,26,60400,616,0.25,0.73,0
10692,64,29494,781,0.56,0.16,1
10693,65,105688,695,0.11,0.75,1
10694,52,114431,533,0.31,0.26,0
10695,65,99691,551,0.29,0.66,0
10696,67,122419,611,0.11,0.56,0
10697,41,133730,751,0.17,0.89,1
10698,36,68001,581,0.33,0.4,0
10699,41,92364,731,0.37,0.11,1
10700,31,70028,726,0.32,0.07,1
10701,57,132434,732,0.39,0.79,1
10702,56,122659,720,0.43,0.52,1
10703,55,62573,541,0.11,0.75,0
10704,39,25806,520,0.36,0.26,0
10705,40,81638,541,0.63,0.36,0
10706,38,131506,612,0.39,0.08,0
10707,67,54757,604,0.47,0.92,0
10708,61,59636,691,0.27,0.65,1
10709,69,105097,516,0.53,0.89,0
10710,34,73280,619,0.53,0.29,0
10711,35,49262,628,0.39,0.6,0
10712,51,105435,629,0.64,0.66,0
10713,21,87211,559,0.17,0.34,0
10714,23,79842,547,0.11,0.81,0
10715,36,81979,528,0.52,0.9,0
10716,43,139524,596,0.54,0.85,0
10717,31,106470,509,0.17,0.72,0
10718,32,63197,741,0.25,0.3,1
10719,30,66844,813,0.11,0.3,1
10720,52,89754,731,0.26,0.92,1
10721,36,126868,776,0.53,0.06,1
10722,28,59157,783,0.38,0.69,1
10723,58,102129,702,0.29,0.69,1
10724,32,65042,746,0.3,0.61,1
10725,44,86665,789,0.1,0.94,1
10726,48,107856,763,0.26,0.33,1
10727,28,52376,713,0.46,0.36,1
10728,48,134049,699,0.64,0.12,1
10729,56,80554,578,0.57,0.45,0
10730,46,39199,842,0.11,0.28,1
10731,28,106412,843,0.59,0.36,1
10732,48,75948,672,0.53,0.8,1
10733,48,98781,568,0.53,0.89,0
10734,57,97750,586,0.35,0.22,0
10735,61,91262,600,0.32,0.39,0
10736,56,71600,507,0.27,0.89,0
10737,47,101898,832,0.14,0.11,1
10738,37,87483,699,0.23,0.13,1
10739,29,43297,586,0.24,0.2,0
10740,53,55448,542,0.37,0.59,0
10741,40,51172,608,0.51,0.19,0
10742,33,67874,651,0.36,0.92,1
10743,48,32657,516,0.13,0.45,0
10744,68,109386,632,0.63,0.5,0
10745,49,50425,647,0.62,0.27,0
10746,33,51685,776,0.53,0.47,1
10747,66,137855,731,0.65,0.65,1
10748,55,49578,813,0.4,0.73,1
10749,26,53831,727,0.63,0.73,1
10750,38,32906,638,0.14,0.57,0
10751,25,86413,710,0.3,0.86,1
10752,67,79028,527,0.22,0.79,0
10753,45,32287,550,0.21,0.73,0
10754,22,58660,760,0.18,0.1,1
10755,30,100758,760,0.44,0.06,1
10756,50,85504,849,0.53,0.24,1
10757,65,84720,507,0.42,0.65,0
10758,25,127979,819,0.18,0.42,1
10759,53,59701,637,0.55,0.41,0
10760,21,108300,537,0.45,0.85,0
10761,38,135177,610,0.31,0.86,0
10762,52,42674,719,0.47,0.87,1
10763,67,108560,836,0.24,0.33,1
10764,69,136543,722,0.29,0.67,1
10765,31,48874,635,0.6,0.29,0
10766,41,68642,755,0.26,0.22,1
10767,46,122820,828,0.36,0.22,1
10768,45,90160,548,0.59,0.36,0
10769,42,42602,791,0.49,0.44,1
10770,47,128320,823,0.13,0.8,1
10771,69,113801,577,0.18,0.16,0
10772,33,50931,604,0.1,0.71,0
10773,53,119377,668,0.45,0.53,1
10774,54,54192,716,0.35,0.31,1
10775,61,71542,618,0.17,0.49,0
10776,55,67520,689,0.63,0.32,1
10777,21,89772,754,0.39,0.59,1
10778,41,83762,765,0.23,0.44,1
10779,68,75106,648,0.38,0.2,0
10780,26,106121,663,0.47,0.15,1
10781,48,50559,639,0.14,0.54,0
10782,37,130595,846,0.25,0.86,1
10783,25,58742,757,0.54,0.36,1
10784,51,94669,768,0.35,0.71,1
10785,25,105199,680,0.4,0.64,1
10786,58,46754,659,0.34,0.89,1
10787,23,28972,787,0.12,0.79,1
10788,43,95831,787,0.19,0.56,1
10789,57,137217,725,0.35,0.64,1
10790,57,66873,510,0.22,0.86,0
10791,30,119661,509,0.13,0.41,0
10792,30,131532,770,0.56,0.34,1
10793,39,34903,772,0.64,0.06,1
10794,37,28020,682,0.54,0.79,1
10795,41,66755,652,0.57,0.77,1
10796,34,110956,814,0.23,0.14,1
10797,29,111988,833,0.63,0.57,1
10798,66,70648,623,0.21,0.47,0
10799,21,128537,613,0.62,0.16,0
10800,65,34516,777,0.65,0.93,1
10801,33,137863,712,0.49,0.24,1
10802,24,27396,671,0.64,0.11,1
10803,21,109082,787,0.41,0.59,1
10804,69,44129,673,0.24,0.71,1
10805,60,26591,612,0.34,0.08,0
10806,52,36303,621,0.43,0.64,0
10807,54,55561,531,0.14,0.53,0
10808,48,96719,721,0.44,0.14,1
10809,51,117108,618,0.64,0.21,0
10810,28,124616,538,0.2,0.56,0
10811,59,111231,767,0.54,0.32,1
10812,46,32314,732,0.6,0.89,1
10813,54,44623,517,0.62,0.79,0
10814,23,92675,648,0.63,0.94,0
10815,32,137992,648,0.39,0.28,0
10816,21,121826,625,0.64,0.92,0
10817,64,90082,801,0.52,0.44,1
10818,25,108624,737,0.19,0.36,1
10819,50,130228,634,0.36,0.1,0
10820,50,58130,650,0.5,0.1,1
10821,37,76756,735,0.24,0.67,1
10822,68,122624,723,0.45,0.46,1
10823,67,51292,702,0.47,0.25,1
10824,43,136785,755,0.19,0.6,1
10825,35,111206,585,0.41,0.28,0
10826,57,94274,649,0.52,0.57,0
10827,41,27469,734,0.37,0.37,1
10828,34,78947,844,0.11,0.79,1
10829,22,47534,521,0.1,0.79,0
10830,31,88620,847,0.3,0.48,1
10831,59,73874,784,0.61,0.37,1
10832,58,74708,768,0.23,0.38,1
10833,54,99553,757,0.45,0.78,1
10834,58,93344,528,0.22,0.35,0
10835,54,74138,712,0.28,0.24,1
10836,38,79302,782,0.57,0.13,1
10837,50,72638,549,0.5,0.47,0
10838,35,103249,594,0.15,0.48,0
10839,47,130865,587,0.34,0.81,0
10840,54,27719,543,0.12,0.25,0
10841,58,47890,777,0.36,0.39,1
10842,53,102236,670,0.46,0.78,1
10843,44,61509,688,0.17,0.79,1
10844,35,67534,683,0.26,0.4,1
10845,50,127302,502,0.32,0.46,0
10846,62,117241,690,0.61,0.32,1
10847,37,43787,617,0.65,0.89,0
10848,25,73845,518,0.12,0.16,0
10849,49,82932,522,0.52,0.89,0
10850,24,117124,529,0.3,0.67,0
10851,30,116659,794,0.32,0.53,1
10852,37,58062,607,0.51,0.08,0
10853,30,100713,780,0.61,0.48,1
10854,37,112263,627,0.62,0.42,0
10855,40,120756,728,0.42,0.2,1
10856,44,85461,610,0.3,0.64,0
10857,25,100418,635,0.53,0.92,0
10858,54,91672,685,0.24,0.56,1
10859,26,59832,643,0.41,0.69,0
10860,22,56966,571,0.3,0.11,0
10861,33,97545,628,0.46,0.43,0
10862,63,37987,760,0.23,0.15,1
10863,63,62311,502,0.21,0.6,0
10864,68,56575,603,0.61,0.89,0
10865,31,88852,723,0.16,0.65,1
10866,67,26007,819,0.38,0.12,1
10867,43,95981,509,0.22,0.37,0
10868,36,101242,801,0.12,0.55,1
10869,51,72517,730,0.12,0.41,1
10870,31,135022,718,0.2,0.8,1
10871,36,54257,565,0.58,0.78,0
10872,28,112272,611,0.26,0.6,0
10873,24,67207,512,0.62,0.39,0
10874,60,38281,585,0.42,0.28,0
10875,24,86246,733,0.34,0.15,1
10876,45,26435,589,0.42,0.37,0
10877,23,123875,813,0.38,0.42,1
10878,52,125686,553,0.52,0.66,0
10879,23,116357,511,0.26,0.64,0
10880,47,51660,708,0.29,0.11,1
10881,49,30084,513,0.59,0.41,0
10882,52,107197,620,0.62,0.21,0
10883,39,38507,519,0.59,0.19,0
10884,41,97595,574,0.33,0.79,0
10885,25,108807,742,0.53,0.09,1
10886,38,70539,722,0.36,0.43,1
10887,48,32491,569,0.37,0.2,0
10888,62,137831,811,0.21,0.84,1
10889,42,75192,710,0.43,0.55,1
10890,41,105395,600,0.2,0.26,0
10891,26,88888,685,0.28,0.5,1
10892,21,98609,631,0.57,0.71,0
10893,25,34077,610,0.21,0.91,0
10894,61,45953,631,0.14,0.25,0
10895,32,101919,519,0.14,0.85,0
10896,46,139682,523,0.62,0.89,0
10897,66,92889,726,0.38,0.87,1
10898,54,48821,653,0.33,0.62,1
10899,69,62567,792,0.55,0.62,1
10900,34,49860,729,0.56,0.41,1
10901,46,46195,809,0.28,0.73,1
10902,65,102475,701,0.48,0.53,1
10903,47,115874,537,0.52,0.66,0
10904,29,112266,759,0.46,0.44,1
10905,46,46427,687,0.18,0.71,1
10906,67,125732,556,0.58,0.79,0
10907,42,52083,519,0.4,0.18,0
10908,67,112046,772,0.26,0.8,1
10909,50,82372,618,0.33,0.54,0
10910,63,69064,570,0.12,0.81,0
10911,68,32813,503,0.17,0.44,0
10912,37,56598,720,0.52,0.39,1
10913,46,137718,513,0.1,0.87,0
10914,56,118106,502,0.33,0.28,0
10915,21,52082,715,0.39,0.81,1
10916,28,54241,728,0.13,0.49,1
10917,69,121214,835,0.64,0.51,1
10918,55,69569,685,0.22,0.33,1
10919,35,36745,554,0.27,0.57,0
10920,67,51029,753,0.27,0.34,1
10921,42,38025,523,0.23,0.09,0
10922,34,126660,661,0.1,0.29,1
10923,46,39288,657,0.5,0.06,1
10924,48,114186,581,0.63,0.93,0
10925,43,31540,658,0.22,0.92,1
10926,34,122768,687,0.46,0.41,1
10927,44,106958,559,0.51,0.71,0
10928,22,93878,804,0.57,0.36,1
10929,65,66846,818,0.33,0.65,1
10930,46,126148,710,0.27,0.77,1
10931,34,100932,651,0.28,0.9,1
10932,27,42482,608,0.49,0.41,0
10933,23,48411,575,0.55,0.75,0
10934,67,75975,529,0.2,0.29,0
10935,43,85545,813,0.3,0.94,1
10936,66,137302,616,0.6,0.07,0
10937,63,103797,691,0.54,0.59,1
10938,67,77307,518,0.64,0.64,0
10939,65,28093,672,0.51,0.67,1
10940,38,102258,727,0.32,0.16,1
10941,58,47042,849,0.42,0.89,1
10942,55,77930,682,0.46,0.21,1
10943,35,69413,612,0.14,0.61,0
10944,45,138387,682,0.4,0.25,1
10945,57,118623,645,0.49,0.33,0
10946,48,122883,818,0.19,0.54,1
10947,30,58756,615,0.53,0.43,0
10948,59,78268,612,0.42,0.19,0
10949,37,64214,750,0.62,0.2,1
10950,59,106871,750,0.12,0.43,1
10951,42,53602,802,0.25,0.73,1
10952,46,78331,812,0.43,0.86,1
10953,64,73901,617,0.26,0.13,0
10954,45,124986,800,0.49,0.4,1
10955,37,88416,660,0.52,0.14,1
10956,33,57196,697,0.16,0.06,1
10957,40,30626,759,0.38,0.65,1
10958,45,32424,647,0.38,0.59,0
10959,24,37857,739,0.3,0.2,1
10960,30,135459,546,0.61,0.26,0
10961,23,44982,697,0.56,0.07,1
10962,61,101961,546,0.48,0.8,0
10963,65,26980,577,0.49,0.93,0
10964,38,73290,623,0.35,0.17,0
10965,67,51431,574,0.61,0.26,0
10966,56,109976,636,0.48,0.83,0
10967,67,132288,589,0.5,0.88,0
10968,42,107711,824,0.57,0.43,1
10969,54,139187,560,0.25,0.1,0
10970,67,51385,637,0.54,0.09,0
10971,28,63158,549,0.21,0.57,0
10972,60,48019,758,0.29,0.4,1
10973,69,43639,606,0.28,0.08,0
10974,64,110530,612,0.64,0.57,0
10975,39,124911,849,0.57,0.06,1
10976,62,46563,753,0.49,0.76,1
10977,61,64341,617,0.5,0.33,0
10978,57,30776,697,0.41,0.09,1
10979,26,61444,836,0.62,0.58,1
10980,46,93916,550,0.37,0.41,0
10981,54,33711,744,0.31,0.93,1
10982,65,99318,534,0.19,0.54,0
10983,26,107970,801,0.53,0.3,1
10984,57,137301,568,0.5,0.69,0
10985,53,110553,848,0.31,0.29,1
10986,42,55707,819,0.11,0.86,1
10987,41,64110,548,0.56,0.39,0
10988,26,86788,573,0.11,0.54,0
10989,26,107879,691,0.49,0.1,1
10990,68,63827,760,0.63,0.43,1
10991,24,132188,569,0.34,0.8,0
10992,50,30655,589,0.23,0.78,0
10993,31,69859,759,0.49,0.25,1
10994,50,78625,625,0.55,0.25,0
10995,51,77098,730,0.4,0.79,1
10996,44,40251,794,0.63,0.89,1
10997,29,25526,628,0.13,0.14,0
10998,23,93760,779,0.38,0.46,1
10999,51,72837,812,0.5,0.35,1
11000,60,36536,599,0.57,0.83,0
